aa	11
ab	123
ac	54
ad	46
ae	276
af	305
ag	353
ah	83
ai	33
aj	307
ak	287
am	118
an	63
ap	40
aq	89
ar	161
as	122
au	12
av	119
aw	94
ax	134
ay	92
az	414
ba	161
bb	94
bc	107
be	74
bf	79
bg	80
bh	60
bi	23
bj	284
bk	108
bl	37
bm	77
bn	82
bo	54
bq	119
br	53
bs	385
bt	670
bu	69
bv	288
by	43
bz	13
ca	88
cb	14
cc	24
cd	92
ce	168
cf	93
cg	78
ch	183
ci	28
cj	55
cl	41
cm	26
cq	39
cr	81
cs	108
ct	122
cu	28
cv	152
cw	216
cy	322
cz	131
da	139
db	213
dc	30
dd	106
de	92
df	37
dh	89
di	176
dk	169
dm	281
dn	32
dp	132
dq	102
dr	111
ds	40
dt	71
du	76
dv	146
dw	75
dx	84
dy	300
dz	77
eb	415
ec	28
ed	87
ee	72
ef	62
eg	59
ei	84
el	37
em	71
en	78
eo	61
ep	40
eq	95
er	82
es	106
et	94
eu	191
ew	60
ex	82
ey	153
fa	217
fb	200
fc	241
fd	78
ff	155
fg	40
fi	385
fj	248
fk	92
fn	82
fo	12
fp	57
fq	71
fr	316
ft	19
fu	319
fw	291
fx	46
fy	254
fz	217
ga	38
gb	417
gc	32
ge	223
gf	77
gh	76
gi	132
gk	428
gl	315
gn	66
gp	79
gs	34
gt	92
gu	257
gv	95
hb	24
hc	173
he	76
hg	236
hh	130
hj	210
hk	75
hl	107
hm	20
ho	485
hq	28
hr	362
ht	78
hv	27
hw	137
hx	476
hy	95
hz	38
ic	74
ie	386
if	63
ig	80
ii	110
ij	143
ik	351
il	44
im	139
in	206
io	61
iq	518
ir	197
is	181
it	117
iu	29
iw	151
ix	170
iy	71
iz	113
ja	342
jc	33
je	84
jf	425
jg	57
jh	43
ji	166
jj	348
jl	55
jm	174
jn	20
jo	161
jp	83
jr	44
js	60
jt	177
ju	97
jv	30
jy	315
jz	67
ka	63
kc	133
kd	218
kf	68
kg	277
kj	10
kk	51
kl	327
km	184
kn	110
ko	31
kq	312
ks	171
kv	32
kw	480
ky	61
kz	261
la	97
lc	95
ld	50
le	83
lf	78
lg	65
lh	63
li	74
lj	82
lk	511
ll	388
lm	87
ln	89
lo	249
lq	134
lr	186
ls	430
lt	146
lu	184
lv	472
lw	55
lx	25
ly	86
mc	53
md	120
mf	50
mh	92
mi	50
mj	96
mk	122
ml	92
mm	281
mn	71
mo	26
mp	353
mr	135
ms	145
mt	69
mu	81
mv	90
mw	156
mx	35
mz	264
na	207
nb	122
nc	136
nd	82
ne	37
nh	129
ni	23
nj	68
nk	212
nl	71
nm	268
nn	62
np	81
nq	61
nr	21
ns	181
nt	128
nu	215
nv	103
nw	85
oa	224
ob	83
oc	99
od	97
oe	283
of	308
og	16
oh	221
ok	112
ol	52
on	138
oo	112
op	390
oq	76
or	17
os	482
ou	152
ov	36
oy	46
oz	95
pa	83
pb	79
pc	38
pd	115
pg	110
ph	283
pi	35
pj	18
pk	97
pl	72
pm	183
pn	42
po	73
pp	75
pq	144
pr	37
ps	20
pt	87
pu	114
pv	291
py	101
pz	30
qa	88
qb	481
qc	50
qd	480
qe	121
qf	242
qg	136
qh	103
qj	92
ql	68
qm	49
qn	49
qq	31
qr	139
qs	57
qt	196
qu	36
qw	96
qy	205
rb	125
rc	75
rd	152
rf	37
rg	52
rh	241
ri	162
rl	99
rm	97
rn	94
rp	38
rr	34
rs	111
rt	46
rw	92
rx	102
sb	333
sc	22
sd	157
se	67
sf	58
sg	133
sh	154
sj	59
sk	71
sm	59
so	24
sq	144
ss	15
st	84
sv	24
sw	170
sx	56
sy	139
sz	142
ta	27
tb	348
tc	50
td	51
te	136
tf	397
tg	82
th	148
ti	318
tj	390
tm	94
tn	73
to	57
tp	236
tt	227
tu	56
tv	102
tw	54
tx	28
ty	199
ub	106
uc	151
ud	85
ue	20
uf	73
ug	59
ui	237
uj	95
uk	23
ul	102
um	37
un	85
uo	296
up	19
uq	26
ur	30
us	67
ut	360
uu	55
ux	193
uz	80
va	87
vb	93
vd	77
vf	210
vg	53
vh	273
vi	73
vj	180
vk	145
vl	93
vn	189
vo	12
vp	96
vq	51
vr	37
vt	51
vx	225
vz	78
wa	210
wc	95
wd	17
we	127
wf	11
wg	253
wh	48
wk	45
wl	126
wm	163
wn	44
wo	65
wq	466
wr	53
ws	151
wt	297
wu	77
wv	73
ww	12
wy	80
wz	137
xa	94
xb	94
xc	158
xf	23
xh	318
xi	55
xj	33
xk	96
xl	341
xn	123
xo	17
xp	36
xq	299
xr	21
xt	268
xu	91
xv	218
xx	82
xy	97
ya	85
yb	91
yc	121
ye	46
yg	61
yh	73
yi	34
yj	89
yk	56
ym	145
yo	88
yp	263
yq	128
yr	69
ys	141
yt	34
yu	75
yv	164
yy	63
yz	65
za	47
zb	65
zd	17
ze	37
zf	71
zg	62
zh	95
zi	45
zk	265
zl	29
zn	71
zo	73
zp	14
zr	80
zs	80
zt	11
zu	25
zv	157
zw	79
zx	81
zy	30
